<?xml version="1.0" encoding="UTF-8"?>
<project-private xmlns="http://www.netbeans.org/ns/project-private/1">
    <editor-bookmarks xmlns="http://www.netbeans.org/ns/editor-bookmarks/2" lastBookmarkId="0"/>
    <open-files xmlns="http://www.netbeans.org/ns/projectui-open-files/2">
        <group>
            <file>file:/D:/xampp/htdocs/shop_da/resources/views/products/product_detail.blade.php</file>
            <file>file:/D:/xampp/htdocs/shop_da/app/Http/Controllers/ProductsController.php</file>
            <file>file:/D:/xampp/htdocs/shop_da/resources/views/layouts/_footer.blade.php</file>
            <file>file:/D:/xampp/htdocs/shop_da/resources/views/homes/test.blade.php</file>
            <file>file:/D:/xampp/htdocs/shop_da/routes/web.php</file>
            <file>file:/D:/xampp/htdocs/shop_da/resources/views/layouts/_header.blade.php</file>
            <file>file:/D:/xampp/htdocs/shop_da/resources/views/layouts/app.blade.php</file>
            <file>file:/D:/xampp/htdocs/shop_da/resources/views/homes/index.blade.php</file>
        </group>
    </open-files>
</project-private>
